Title,Summary,Date
"The $64,000 Question: Can The Stellar Stock Market Run Continue?","Strong start for S&P 500 with a 10% gain in Q1, but caution is advised as technical momentum decreases. Read more on the economy here.",2024-04-03
Moving Out Of QQQ And Into SMH As Magnificent 7 Shrinks,"Stock prices of tech giants like Apple, Alphabet, Microsoft, Amazon, Meta, Tesla, and Nvidia appreciated by avg. of 111% in 2023. Read more on SMH ETF here.",2024-04-02
Subtle Signs Of A Cooling Jobs U.S. Market Will Aid The Fed's Inflation Fight,"The number of job vacancies remains elevated, but is moving into better balance with the supply of available workers. Read what investors need to know.",2024-04-02
Staying Nimble While Seeking Income,"Yields have surged across fixed income in the new regime. In Q2, we stay nimble and selective, preferring short-term sovereign bonds and high yield credit. Click to read.",2024-04-02
"Better Performer Than Nvidia – Copper Stock Freeport On China Optimism, Front Running Blind Money Fizzles",Looking for stock market analysis and research with proves results? Zacks.com offers in-depth financial research with over 30years of proven results.,2024-04-02
"Manufacturers' Shipments February 2024: Weak, But Not Weak Enough",US manufacturing shrinks further as inflationary pressures arise. Click to see my look at the manufacturing sector and what that may mean for markets going forward.,2024-04-02
"Dow Stumbles, Heads For Worst Day Since February",Looking for stock market analysis and research with proves results? Zacks.com offers in-depth financial research with over 30years of proven results.,2024-04-02
Market Corrections Matter More Than You Think,"Over the next few months, the markets can extend the current deviations from the long-term mean even further.",2024-04-02
"QQQ, MSFT, AAPL, NVDA: Large Inflows Detected at ETF",Looking for stock market analysis and research with proves results? Zacks.com offers in-depth financial research with over 30years of proven results.,2024-04-02
"Market Clubhouse Morning Memo - April 2nd, 2024 (Trade Strategy For SPY, QQQ, AAPL, MSFT, NVDA, GOOGL, META, and TSLA)",Looking for stock market analysis and research with proves results? Zacks.com offers in-depth financial research with over 30years of proven results.,2024-04-02
Historic S&P 500 Rally In Q1 Flashes Bullish Signals For 2024: 'Only The Ninth Time Since 1940',Looking for stock market analysis and research with proves results? Zacks.com offers in-depth financial research with over 30years of proven results.,2024-04-02
Tuesday Talk: April Is The Cruelest Month?,Looking for stock market analysis and research with proves results? Zacks.com offers in-depth financial research with over 30years of proven results.,2024-04-02
"Gold, Oil, And Interest Rates Rise","The Dollar Index made a new high for the year, a little above 105, which had been anticipated by the new lows recorded by the Bannockburn World Currency Index last week.",2024-04-02
NASDAQ Forecast: Continues To See Buyers,Looking for stock market analysis and research with proves results? Zacks.com offers in-depth financial research with over 30years of proven results.,2024-04-02
Q1 2024 Macroeconomic Review: Tenacious Inflation's Lingering Impacts,Q1 2024 demonstrated that taming inflation would be a more arduous task than many had hoped.,2024-04-02
"Wall Street Set For Weak Open As Fed Speeches, Key Data Eyed: Amid Bitcoin Plunge And Gold Spike, Market Analyst Sees 'Nothing Breaking The Upward Trend'",Looking for stock market analysis and research with proves results? Zacks.com offers in-depth financial research with over 30years of proven results.,2024-04-02
"'Bull Trap' For Indices, But We Have Seen This Before",Looking for stock market analysis and research with proves results? Zacks.com offers in-depth financial research with over 30years of proven results.,2024-04-02
Equity Investing: A Strategic Mindset For A Changing World,"With inflation and interest rates in transition, it's time to take a fresh look at the forces driving business models, profitability and equity returns.",2024-04-02
"Dow Knocking On The Door Of 40,000","If economic data slows significantly or the country goes into a recession, then the probability of sooner and/or more Fed interest rate cuts will increase.",2024-04-02
Stocks Are Partying Like It Is 1995,"While inflation came down slowly over time back then, it sure looks like the federal government is also inflating away some of its COVID-era debts right now.",2024-04-02
Dow Drops Triple Digits as Stocks Extend Second-Quarter Slump,Looking for stock market analysis and research with proves results? Zacks.com offers in-depth financial research with over 30years of proven results.,2024-04-02
A Deep Dive Into Investing Strategies For A Rich Retirement,Check here to learn more about the key strategies for successful retirement planning in the face of high inflation and rising home prices.,2024-04-02
Major averages are on pace to close out worst day of trading in nearly a month,Looking for stock market analysis and research with proves results? Zacks.com offers in-depth financial research with over 30years of proven results.,2024-04-02
The 3 Best ETFs to Buy in April 2024,Looking for stock market analysis and research with proves results? Zacks.com offers in-depth financial research with over 30years of proven results.,2024-04-02
Russell 2000 Index Best And Worst Performing Stocks Of 2024,Looking for stock market analysis and research with proves results? Zacks.com offers in-depth financial research with over 30years of proven results.,2024-04-02
Short-Term Vs. Long-Term Bonds: Analysis And Comparison,"Read here for an analysis of short-term vs. long-term bonds, exploring their characteristics and comparing dividends, returns, capital gains, risk, and volatility.",2024-04-01
AIQ: Portfolio Mismatch Due To Stock Selection Methodology,The Global X Artificial Intelligence & Technology ETF (AIQ) is focused on companies utilizing AI in their products/services for potential growth. Read more here.,2024-04-01
"The Stock Market Is Not In A Bubble, No Foolin'","The idea of bubbles in the economy and markets is mostly wrong or early, with things currently seeming pretty good. Explore more details here.",2024-04-01
"Stocks Fall As Dollar, Treasury Yields Jump On Upbeat Manufacturing Data, VIX Rallies: What's Driving Markets Monday?",Looking for stock market analysis and research with proves results? Zacks.com offers in-depth financial research with over 30years of proven results.,2024-04-01
Dow Down Triple Digits On Hawkish Fed Comments,Looking for stock market analysis and research with proves results? Zacks.com offers in-depth financial research with over 30years of proven results.,2024-04-01
"EXCLUSIVE: Top 10 Most Searched Tickers On Benzinga Pro In March: Where Do Tesla, Nvidia, SPY And Reddit IPO Rank?",Looking for stock market analysis and research with proves results? Zacks.com offers in-depth financial research with over 30years of proven results.,2024-04-01
The March Labor Report Preview: The Cracks Are Deepening,"Expectations for March labor market data show a potential slowdown in job creation and a weakening labor market, raising concerns about recession. Read more here.",2024-04-01
Block: Chasing Momentum Is Extremely Risky For Shareholders,Judging future performance of Block's share price based on recent returns is very dangerous. Read my analysis of SQ stock to find out why.,2024-04-01
"Weekly Market Pulse: Don't Just Do Something, Sit There",Gold and commodities both rose while small and mid-cap stocks also had solid quarters. About the only losers were bonds and REITs both down in a rising rate environment. Click to read.,2024-04-01
March 2024 Jobs Report Preview: 5 Things To Look For,The Fedâs dovish stance weakens the importance of the job report set for release on April 25. See what impact will March NFP report have on stock markets.,2024-04-01
US Stocks Set To Start Fresh Week On Positive Note As Traders Take Inflation Data In Their Stride: Analyst Explains Why Rally Will Likely Extend Through 2024,Looking for stock market analysis and research with proves results? Zacks.com offers in-depth financial research with over 30years of proven results.,2024-04-01
Oil Rises Ahead Of This Week's Opec+ Meeting. Inflation Is Rising In Indonesia,Looking for stock market analysis and research with proves results? Zacks.com offers in-depth financial research with over 30years of proven results.,2024-04-01
"QQQ ETF Update, 4/1/2024",Looking for stock market analysis and research with proves results? Zacks.com offers in-depth financial research with over 30years of proven results.,2024-04-01
"Yields Up, Dollar Up, Junk Bonds Tumble",Looking for stock market analysis and research with proves results? Zacks.com offers in-depth financial research with over 30years of proven results.,2024-04-01
"Two Bitcoin-Related ETFs Shine In March's Top 10 Inflow Rankings: 'This Tailwind Should Persist,' Analysts Say",Looking for stock market analysis and research with proves results? Zacks.com offers in-depth financial research with over 30years of proven results.,2024-04-01
"Essentially Sideways In March, Nasdaq 100 In Search Of Catalyst",Looking for stock market analysis and research with proves results? Zacks.com offers in-depth financial research with over 30years of proven results.,2024-04-01
Dow Drops 241 Points To Kick Off 2nd Quarter,Looking for stock market analysis and research with proves results? Zacks.com offers in-depth financial research with over 30years of proven results.,2024-04-01
"Investing Is The Priority, Now I See Trades In Apple, And Others","Investing in small caps and various sectors still offers opportunities. Read why tech stocks like Apple, Snowflake, and Dell present trading opportunities.",2024-03-31
S&P 500: How Can Anyone Buy This High?! - Week Starting 1st April (Technical Analysis),S&P500 closed Q1 high at 5254 with a PE ratio of 24.6. Inflection points minimize risk.,2024-03-31
"Nasdaq Analysis Today & Nasdaq Forecast - Saturday, March 30",Looking for stock market analysis and research with proves results? Zacks.com offers in-depth financial research with over 30years of proven results.,2024-03-31
Bull Market Momentum Is Gaining Strength,"Positive first quarter performance and improving financial conditions inspire a bright outlook for 2024, fueled by a thriving manufacturing industry and...",2024-03-31
The Stock Market: Doing Well,"S&P 500 hits 22nd all-time high, strong economy with Q4 growth, optimism over AI tech, potential rate cuts, and increased consumer confidence.",2024-03-31
Is Invesco QQQ Trust a Buy?,This ETF has a truly remarkable track record that investors hope can continue.,2024-03-31
"Market Briefing For Monday, April 1",Looking for stock market analysis and research with proves results? Zacks.com offers in-depth financial research with over 30years of proven results.,2024-03-31
"Edward Snowden Contrasts Warren Buffett's Investment Skills with Nancy Pelosi, Dan Meuser: 'Fortunate to Be Represented by Extraordinary Talents",Looking for stock market analysis and research with proves results? Zacks.com offers in-depth financial research with over 30years of proven results.,2024-03-31
"How to Turn $10,000 Into $1 Million by Retirement","By deploying this strategy, you won't need to care about the latest stock news or other developments. The key is to keep it simple.",2024-03-31
The MaM Portfolio: 2024 Q1 Update,"Moats and Monopolies portfolio beat the QQQ, SPY and the MSCI World index in the quarter. Click here for the MaM portfolio 2024 Q1 update.",2024-03-31
An Eggs-cellent First Quarter -- What’s In Store For The Rest Of 2024?,Looking for stock market analysis and research with proves results? Zacks.com offers in-depth financial research with over 30years of proven results.,2024-03-31
The Market May Not Like What This Week's Data Means For Rate Cuts,April's first week will bring significant data on the jobs front. The data will have a significant impact on bonds and the dollar. Click here to read more.,2024-03-31
An Eggs-Cellant First Quarter! What’s In Store For The Rest Of 2024?,Looking for stock market analysis and research with proves results? Zacks.com offers in-depth financial research with over 30years of proven results.,2024-03-31
Stocks just had their best first quarter in 5 years — here's where strategists think the market is headed,"With stocks off to their best start in five years, many strategists on Wall Street still make a case for the S&P 500 to keep chugging higher.",2024-03-30
Mining The CoT Report: What Hedge Funds Are Buying; The Future Via Futures,Looking for stock market analysis and research with proves results? Zacks.com offers in-depth financial research with over 30years of proven results.,2024-03-30
April 2024 Monthly,Looking for stock market analysis and research with proves results? Zacks.com offers in-depth financial research with over 30years of proven results.,2024-03-30
Q1 Earnings Season Approaches,Looking for stock market analysis and research with proves results? Zacks.com offers in-depth financial research with over 30years of proven results.,2024-03-30
PCE Report: The 'Inflation Bump' Just Got Bigger,"An article highlighting the recent spike in core PCE data, indicating potential inflationary pressures and the impact on stock market and Fed decisions.",2024-03-30
S&P 500's Record Quarter And My Top Mag 7 Stocks,Discover the reasons behind the S&P 500's record-breaking first quarter and explore the top investment picks for Q2 as shared by a financial writer. Read more here.,2024-03-30
"Technical Market Report - Saturday, March 30",Looking for stock market analysis and research with proves results? Zacks.com offers in-depth financial research with over 30years of proven results.,2024-03-30
Weekly Commentary: On Currency Watch Following Melt-Up Q1 2024,"While 10-year Treasury yields jumped 32 bps during Q1 to 4.20%, corporate Credit notably outperformed.",2024-03-30
"This Troubling Indicator Hasn't Been This High Since 2009, and That Could Spell Trouble for Investors",Should investors consider taking money out of stocks before things get worse?,2024-03-30
Stocks Meet Fewer Cuts,Looking for stock market analysis and research with proves results? Zacks.com offers in-depth financial research with over 30years of proven results.,2024-03-30
2023 Market Review,Looking for stock market analysis and research with proves results? Zacks.com offers in-depth financial research with over 30years of proven results.,2024-03-30
Fed's Wait And See About Rate Cuts Supported By Highest Since July 6-Month Core PCE And Core Services PCE Inflation,"Core PCE price index, the inflation index that the Fed is focused on and refers to all the time, was revised up for January to an annualized month-to-month growth rate of 5.6%",2024-03-30
Inflation Remained Elevated In February,"When inflation picked back up in January 2024, many commentators described it as more noise than signal.",2024-03-29
PCE February 2024: Personal Spending Too Hot For Fed Rate Cuts,"Real PCE (adjusted for inflation) in February 2024 expanded by 0.43%, significantly surpassing economists' expectations of 0.10% growth. Click to read",2024-03-29
The Disinflation Narrative Has Been Shattered,"Concerns arise as goods inflation and energy prices rebound, posing a challenge to reaching the 2% inflation target.",2024-03-29
"QQQ: In A Bull Market Like This One, You Need To Be In Tech",Looking for stock market analysis and research with proves results? Zacks.com offers in-depth financial research with over 30years of proven results.,2024-03-29
Where I See Pockets of Green,Looking for stock market analysis and research with proves results? Zacks.com offers in-depth financial research with over 30years of proven results.,2024-03-29
Today Most Financial Markets Are Closed Due To The Good Friday Holiday,Looking for stock market analysis and research with proves results? Zacks.com offers in-depth financial research with over 30years of proven results.,2024-03-29
Resurging Corporate Profits Show Inflationary Pressures Are Reheating After Lull: Corporate Profits By Major Industry,,2024-03-29
"Complacency, Inflation, And Time For A Hedge",Looking for stock market analysis and research with proves results? Zacks.com offers in-depth financial research with over 30years of proven results.,2024-03-29
Is the stock market open on Good Friday?,Looking for stock market analysis and research with proves results? Zacks.com offers in-depth financial research with over 30years of proven results.,2024-03-29
M2 Money Grew At Annual 8% Compound Rate Since March 2020,"The velocity of circulation of the M2 money stock has risen modestly in recent months, but still remains at very low levels. Read more here.",2024-03-28
IVV: The S&P 500 Is Not Expensive,"iShares Core S&P 500 ETF (IVV) is an ideal investment option with balanced growth potential and a low fee percentage. Read more on IVV ETF here,",2024-03-28
"Stocks Hop Into March At Record Highs, Gold Shines","Energy and Materials sectors performed well, while the Nasdaq 100 ETF underperformed amid a cool-down in the AI momentum trade. Explore more details here.",2024-03-28
"Stocks Hop Into April At Record Highs, Gold Shines","Energy and Materials sectors performed well, while the Nasdaq 100 ETF underperformed amid a cool-down in the AI momentum trade. Explore more details here.",2024-03-28
All Or Nothing Comes Back,"Recently, all-or-nothing days have been hard to come by. On a rolling 200-day basis, only 4.5% of days have registered such readings. Read what investors need to know.",2024-03-28
PCE February 2024 Preview: Markets Could Make A Big Move,Get insights on the upcoming release of US Personal Consumption Expenditures data by BEA for February 2024 and its impact. Click here for my PCE preview.,2024-03-28
"Stocks Pause As Traders Reassess Interest Rate Path, Gold Makes New Highs, Bitcoin Rebounds: What's Driving Markets Thursday?",Looking for stock market analysis and research with proves results? Zacks.com offers in-depth financial research with over 30years of proven results.,2024-03-28
Stocks Static Even As Inflation Fears Fade,Looking for stock market analysis and research with proves results? Zacks.com offers in-depth financial research with over 30years of proven results.,2024-03-28
"Nvidia (NVDA) Falls Below Trendline, Fed's Waller In No Rush To Cut Rates",Looking for stock market analysis and research with proves results? Zacks.com offers in-depth financial research with over 30years of proven results.,2024-03-28
QQQ May 10th Options Begin Trading,Looking for stock market analysis and research with proves results? Zacks.com offers in-depth financial research with over 30years of proven results.,2024-03-28
Quick Thoughts: Do Elections Matter For Markets?,The upcoming US elections transcend political rivalry. Franklin Institute's Stephen Dover examines policy differences between the major parties and their potential implications on markets.,2024-03-28
"SPY: Potential, Yes, But Risks Ahead Too","S&P 500 and its replica fund, SPDR S&P 500 ETF Trust, have seen positive performance in Q1 2024. Explore more details here.",2024-03-28
First Little Ambush,Looking for stock market analysis and research with proves results? Zacks.com offers in-depth financial research with over 30years of proven results.,2024-03-28
"Market Clubhouse Morning Memo - March 28th, 2024 (Trade Strategy For SPY, QQQ, AAPL, MSFT, NVDA, GOOGL, META, And TSLA)",Looking for stock market analysis and research with proves results? Zacks.com offers in-depth financial research with over 30years of proven results.,2024-03-28
"Investors should buy into the next leg of AI, beyond the U.S., into the value chain - Citi",Looking for stock market analysis and research with proves results? Zacks.com offers in-depth financial research with over 30years of proven results.,2024-03-28
"Waller Pushes On Open Door: Push For Patience Lifts The Dollar, Complicating Japanese Efforts","Comments by Fed Governor Waller, urging patience on rates and wanting more evidence that price pressures are moderating, has helped the greenback extend its recent gains.",2024-03-28
Wall Street Eyes Muted Open As Caution Prevails Before Key Inflation Data: Analyst Sees Buying Opportunities In Any Pullback,Looking for stock market analysis and research with proves results? Zacks.com offers in-depth financial research with over 30years of proven results.,2024-03-28
"QQQ ETF Update, 3/28/2024",Looking for stock market analysis and research with proves results? Zacks.com offers in-depth financial research with over 30years of proven results.,2024-03-28
Stocks Finish Strong Quarter With 5th-Straight Monthly Gains,Looking for stock market analysis and research with proves results? Zacks.com offers in-depth financial research with over 30years of proven results.,2024-03-28
"No Matter What The Fed Does, The Lack Of Bears Is Worrisome","Investors' focus on the Federal Reserve and interest rates obscures the high bullishness in the market, raising caution about potential future declines.",2024-03-28
Money Supply Dips For First Time Since November,,2024-03-28
How To Build A Portfolio With Four ETFs: Part II,Check here to learn more about a four-ETF portfolio that emphasizes low cost and tax efficiency for young investors seeking absolute return.,2024-03-27
The Fed May Push The S&P 500 Into Correction,"Delays in rate cuts by the Fed may trigger a correction in the S&P 500, while short-term investors thrive but bear risks. Read more here.",2024-03-27
"SPDR's GLD Had $363M in Outflows: ETF Fund Flows as of March 27, 2024","Here are the daily ETF fund flows for March 27, 2024.",2024-03-27
Upside/Downside Tug Of War,"Amrita Roy, The Pragmatic Optimist, joins Rob Isbitts to discuss why she's currently neutral on S&P. Macro investing and equity selection: Zscaler, GitLab, and Pinterest.",2024-03-27
A Resurgent Dollar May Be A Headwind For The Stock Market,Central banks globally shifting from rate hikes to rate cuts likely to strengthen the dollar in the coming weeks. Click here to read more.,2024-03-27
A Momentous Week For Monetary Policy Bodes Well For Markets,Looking for stock market analysis and research with proves results? Zacks.com offers in-depth financial research with over 30years of proven results.,2024-03-27
"Dow, S&P 500 On Track To Snap 3-Day Skid",Looking for stock market analysis and research with proves results? Zacks.com offers in-depth financial research with over 30years of proven results.,2024-03-27
Q1 2024 CIO Overview And Outlook,,2024-03-27
"Investors On Edge With Consumer Inflation Data Due Friday, Rate Cut Hopes Hang In The Balance",Looking for stock market analysis and research with proves results? Zacks.com offers in-depth financial research with over 30years of proven results.,2024-03-27
"Pay Attention To Nvidia Chart For Near Term Market Direction, Tech Insiders Sell, Baltimore Impact",Looking for stock market analysis and research with proves results? Zacks.com offers in-depth financial research with over 30years of proven results.,2024-03-27
The S&P 500 is up 5 months straight — and history favors momentum,"The S&P 500 has had a remarkable run over the past five months, chalking up a 25% gain. But contrary to feelings that things have risen too quickly, history says that strength begets strength.",2024-03-27
"Market Clubhouse Morning Memo - March 27th, 2024 (Trade Strategy For SPY, QQQ, AAPL, MSFT, NVDA, GOOGL, META, And TSLA)",Looking for stock market analysis and research with proves results? Zacks.com offers in-depth financial research with over 30years of proven results.,2024-03-27
We think the U.S. avoids a recession in 2024 - Russell Investments,Looking for stock market analysis and research with proves results? Zacks.com offers in-depth financial research with over 30years of proven results.,2024-03-27
This Breakout Pullback Could Make Our Entire Month,Looking for stock market analysis and research with proves results? Zacks.com offers in-depth financial research with over 30years of proven results.,2024-03-27
Are Bulls Likely To Enter The China Shop?,Looking for stock market analysis and research with proves results? Zacks.com offers in-depth financial research with over 30years of proven results.,2024-03-27
Heightened Threat Of Japanese Intervention Pushes Greenback Away From JPY152,"The dollar set a new 34-year high, spurring a senior official meeting in Tokyo, which in turn took the dollar to JPY151.10. Click here to read more.",2024-03-27
What Are Markets Pricing In?,The major stock market indices in the S&P 500 and Nasdaq are pricing in a significant rebound in growth throughout 2024.,2024-03-27
"US Stocks Set For Rebound, Aim To Snap 3-Session Slump And Close Quarter Strong: Analyst Foresees Robust April Ahead",Looking for stock market analysis and research with proves results? Zacks.com offers in-depth financial research with over 30years of proven results.,2024-03-27
"Participation Broadens As The Equal Weight S&P Rips, WBA Earnings",Looking for stock market analysis and research with proves results? Zacks.com offers in-depth financial research with over 30years of proven results.,2024-03-27
NVDA Double Top Formation Impacts Everything,Looking for stock market analysis and research with proves results? Zacks.com offers in-depth financial research with over 30years of proven results.,2024-03-27
"Dow, S&P 500 Snap Losing Streaks; Nasdaq Rallies In Final Hour",Looking for stock market analysis and research with proves results? Zacks.com offers in-depth financial research with over 30years of proven results.,2024-03-27
Larry Fink's 2024 Annual Chairman's Letter To Investors,The growth and prosperity generating power of the capital markets will remain a dominant economic trend. Click here to read why.,2024-03-26
M2 Update - Still Looking Good,"Today, the Fed released the February money supply data, and there were no unwelcome surprises.",2024-03-26
"Reddit ignites meme stock resurgence, further signs of 'bull market in everything'",Reddit's stock surge is the latest sign that investors' risk appetite hasn't peaked.,2024-03-26
2024 Global Market Outlook - Q2 Update: Pent-Up Exuberance,"Amid an uncertain economic outlook, we're emphasizing the importance of security selection and diversification as the second quarter unfolds.",2024-03-26
3 Predictions For The Second Quarter,Equities have enjoyed a solid first quarter as enthusiasm about demand from the AI revolution has been a key factor for gains. Explore more details here.,2024-03-26
CEO Sentiment Is Slowly Improving In 2024,Looking for stock market analysis and research with proves results? Zacks.com offers in-depth financial research with over 30years of proven results.,2024-03-26
Advanced Durable Goods Shipments Feb 2024: Still Weak,"Census Bureau released data on Advanced Durable Goods Manufacturers' Shipments, Inventories, and Orders in U.S. for Feb 2024. Click here to read my analysis.",2024-03-26
Wall Street Attempts To Resume Record-Setting Rally,Looking for stock market analysis and research with proves results? Zacks.com offers in-depth financial research with over 30years of proven results.,2024-03-26
"An Non-AI Stock Reddit Shows Expanding AI Exuberance, Important Treasury Auction Ahead, Fed MIA",Looking for stock market analysis and research with proves results? Zacks.com offers in-depth financial research with over 30years of proven results.,2024-03-26
Weakness In U.S. Investment Keeps The Focus On The Consumer,Durable goods orders are a good lead indicator for broader capex spending in the US.,2024-03-26
This Slingshot Reversal Could Be Our Biggest Win Of The Week,Looking for stock market analysis and research with proves results? Zacks.com offers in-depth financial research with over 30years of proven results.,2024-03-26
"BlackRock stays risk-on for the short-term, citing falling inflation and likely rate cuts",Looking for stock market analysis and research with proves results? Zacks.com offers in-depth financial research with over 30years of proven results.,2024-03-26
More Stock Gains,Looking for stock market analysis and research with proves results? Zacks.com offers in-depth financial research with over 30years of proven results.,2024-03-26
"Market Clubhouse Morning Memo - March 26th, 2024 (Trade Strategy For SPY, QQQ, AAPL, MSFT, NVDA, GOOGL, META, And TSLA)",Looking for stock market analysis and research with proves results? Zacks.com offers in-depth financial research with over 30years of proven results.,2024-03-26
Negative Equity Risk Premium Estimates Persist For U.S. Equities,The roaring US stock market has delivered red-hot gains in recent history but at the expense of future returns.,2024-03-26
Technical Measures And Valuations - Does Any Of It Matter?,"Technical measures and valuations all suggest the market is expensive, overbought, and exuberant. However, none of it seems to matter as investors pile into equities. Click to read.",2024-03-26
QQQ: Prepare For Turbulence,The tech-heavy Invesco QQQ Trust ETF is sitting near all-time highs. Read more to see why I'm bearish on QQQ fund.,2024-03-26
"Nasdaq, S&P 500 Futures Surge Amid Risk-On Mood; Bitcoin, Gold Rally — Analyst Says 'Hard To Fight This Powerful Trend'",Looking for stock market analysis and research with proves results? Zacks.com offers in-depth financial research with over 30years of proven results.,2024-03-26
Forget the Nasdaq -- Invest in This Unstoppable ETF Instead,"The Invesco QQQ Trust exchange-traded fund is up 400% over the past decade, and there could be more strong gains ahead.",2024-03-26
Last Night I Had A Crazy Dream - Swiss Franc,Looking for stock market analysis and research with proves results? Zacks.com offers in-depth financial research with over 30years of proven results.,2024-03-26
The Remarkable Story Of Style Regimes: For The Data-Driven Investor,"After 15 years of growth style dominance, the return of intra-market volatility has prompted renewed interest in style framework and cyclical rotations.",2024-03-26
"QQQ ETF Update, 3/26/2024",Looking for stock market analysis and research with proves results? Zacks.com offers in-depth financial research with over 30years of proven results.,2024-03-26
Stocks Settle Lower Amid Mixed Economic Data,Looking for stock market analysis and research with proves results? Zacks.com offers in-depth financial research with over 30years of proven results.,2024-03-26
What Is An ETF For Dummies? Unlocking Strategic Insights,Looking for stock market analysis and research with proves results? Zacks.com offers in-depth financial research with over 30years of proven results.,2024-03-26
Why We Stay Risk-On In The Short Term,We see a near-term risk-on backdrop. We think upbeat risk appetite can broaden beyond tech as more sectors adopt AI and as market confidence is buoyed by Fed messaging and falling inflation.,2024-03-26
The Bull Plateau Swayed By The Market Conundrum Amid Fed's Rate Cuts,The Fed's rate cuts and new monetary policy have influenced the S&P 500 Index and investor sentiment. Click here for a detailed review.,2024-03-25
"If The Fed Plans To Cut Rates, Then Why Is The Dollar Firm?","Something does not compute with the dollar. It is showing bottoming-action, delivering another âgolden crossâ.",2024-03-25
Stocks Lower as Tech Sector Selloff Accelerates,Looking for stock market analysis and research with proves results? Zacks.com offers in-depth financial research with over 30years of proven results.,2024-03-25
Financial Conditions Look Excellent,"In todayâs financial conditions, there's no shortage of liquidity. Financial markets are free to redistribute risk away from those that donât want it to those who value it. Read more here...",2024-03-25
A Major Change In The Markets,Investors are now focused on growth more than inflation. Click to read what that might that mean for portfolios.,2024-03-25
Overbought conditions flash across all market caps: Bespoke Investment Group,Looking for stock market analysis and research with proves results? Zacks.com offers in-depth financial research with over 30years of proven results.,2024-03-25
"Apple, Alphabet, And Meta Under E.U. Probe; Intel And AMD Banned; Fed's Bostic Says One Rate Cut",Looking for stock market analysis and research with proves results? Zacks.com offers in-depth financial research with over 30years of proven results.,2024-03-25
Invesco QQQ Experiences Big Inflow,Looking for stock market analysis and research with proves results? Zacks.com offers in-depth financial research with over 30years of proven results.,2024-03-25
Weekly Market Pulse: Rational Exuberance?,There are positive developments and one would expect stock prices to rise in response. I call this rational exuberance. Read what investors need to know.,2024-03-25
"After 2 Weeks Of Indecision, Bulls Defend Trendline Support From Last Oct On S&P 500",Looking for stock market analysis and research with proves results? Zacks.com offers in-depth financial research with over 30years of proven results.,2024-03-25
This Bear Trap Could Earn Huge Profits On Tuesday,Looking for stock market analysis and research with proves results? Zacks.com offers in-depth financial research with over 30years of proven results.,2024-03-25
"Apple, Meta, and Google's Alphabet Under Scrutiny, EU Launches Antitrust Probes",Looking for stock market analysis and research with proves results? Zacks.com offers in-depth financial research with over 30years of proven results.,2024-03-25
Wall Street Set To Open Weak Lower As Tech Feels China Chill: Analyst Says Stay Bullish 'If And Until This Changes',Looking for stock market analysis and research with proves results? Zacks.com offers in-depth financial research with over 30years of proven results.,2024-03-25
Mutual fund-to-ETF conversions on the rise amid demand shift,Looking for stock market analysis and research with proves results? Zacks.com offers in-depth financial research with over 30years of proven results.,2024-03-25
QQQ: Shift Investing Time Horizon To Longer Term,Invesco QQQ Trust ETF has lost its edge over the S&P 500 index YTD. Check out why I retain my buy rating on QQQ fund.,2024-03-25
Russell 2000 Reverses Off Resistance,Looking for stock market analysis and research with proves results? Zacks.com offers in-depth financial research with over 30years of proven results.,2024-03-25
Dow Drops 162 Points As Investor Optimism Fades,Looking for stock market analysis and research with proves results? Zacks.com offers in-depth financial research with over 30years of proven results.,2024-03-25
"Market Briefing for Monday,March 25, 2024",Looking for stock market analysis and research with proves results? Zacks.com offers in-depth financial research with over 30years of proven results.,2024-03-25
S&P 500: An Eye On The Higher Timeframes - Week Starting 25th March (Technical Analysis),"Discover the S&P500's recent breakthrough and its potential for a bullish month-end and quarter-close, along with crucial support levels to maintain the...",2024-03-24
Economic Data Forecasts For The Weeks Of March 25 And April,Looking for stock market analysis and research with proves results? Zacks.com offers in-depth financial research with over 30years of proven results.,2024-03-24
The Fed May Be Sending The Wrong Message To The Markets,The Fed plans to cut rates three times in 2024 despite rising inflation expectations and a recent increase in inflation rates. Read more here.,2024-03-24
"Looking Into The Future Of Futures, Via The Latest CoT Report",Looking for stock market analysis and research with proves results? Zacks.com offers in-depth financial research with over 30years of proven results.,2024-03-23
"Stock Market This Week - Saturday, March 23",Looking for stock market analysis and research with proves results? Zacks.com offers in-depth financial research with over 30years of proven results.,2024-03-23
Powering The AI,Looking for stock market analysis and research with proves results? Zacks.com offers in-depth financial research with over 30years of proven results.,2024-03-23
"Technical Market Report - Saturday, March 23",Looking for stock market analysis and research with proves results? Zacks.com offers in-depth financial research with over 30years of proven results.,2024-03-23
Week Ahead: Enthusiasm For The Dollar Rekindled,"Last week will be remembered for several things, the first being BOJ lifting its interest rate target for the first time in 17 years. Click here to read more.",2024-03-23
Weekly Indicators: Short Leading Indicators Continue To Improve,"Economic indicators show signs of improvement, with bond yields and mortgage rates stabilizing and stock prices surging. Click for my weekly indictors update.",2024-03-23
Universal Capitulation And No Margin Of Safety,"Based on the valuation measures, we find best correlated with actual subsequent S&P 500 total returns across a century of market cycles.",2024-03-23
Weekly Commentary: That's Our Story.,It's a challenge to have confidence that Powell and the Fed have a sound understanding of the nature of second round inflation effects.,2024-03-23
